{"data_dir": "./data", "dirs_already_prepared": false, "heartbeat": "final", "labels_bin": {"abnormal": ["A", "a", "J", "S", "V", "E", "F", "P", "/", "f", "Q"], "normal": ["N", "L", "R", "e", "j"]}, "labels_multi": {"SVEB": ["A", "a", "J", "S"], "VEB": ["V", "E"], "F": ["F"], "Q": ["P", "/", "f", "Q"], "N": ["N", "L", "R", "e", "j"]}, "test_fraction": 0.1, "val_fraction": 0.1, "multiclass": false, "model_name": "resnet50", "number_workers": 4, "shuffle_data": true, "batch_size": 16, "epochs": 10, "weighted_loss": true, "early_stop": true, "pretrained": true, "optimizer": "SGD", "learning_rate": 1e-06, "weight_decay": 0.1, "decay_step": 4, "lr_scheduler_gamma": 0.1, "last_trained_model": "/home/bernardo/phD/DSLproject/models/resnet50_d_18_t_23_53.pth", "leave_groups_out": true, "metrics": {"loss train": [0.34997516680096774, 0.16369026297301403, 0.10996847722450415, 0.0764831058494666, 0.05006021632871837, 0.04380600082314329, 0.04110316099076457, 0.03901488064712677, 0.03698120007588424, 0.03662310485701662, 0.035986515599610504], "f1_score val": [0.9774073261680192, 0.9848675225348265, 0.9880971791945214, 0.9817821564202763, 0.9894599587091165, 0.9878068784515283, 0.9888719179576697, 0.988991825613079, 0.9891126837234622, 0.9889930252833478, 0.9883739970525627], "acc val": [0.9613072877535688, 0.9739857250187829, 0.9794327573253193, 0.9689143501126972, 0.9817806160781367, 0.9790570999248686, 0.9808414725770098, 0.9810293012772352, 0.9812171299774606, 0.9810293012772352, 0.9799962434259955], "prec val": [0.9714410289949859, 0.9825594070198387, 0.9908436886854153, 0.9722040549378679, 0.9925877479834314, 0.9846304774362329, 0.988009592326139, 0.9890996293873991, 0.9902986701547852, 0.9892086330935251, 0.986919555264879], "best val acc": 0.9818, "best val f1": 0.9895, "best val precision": 0.9926}}