{"data_dir": "./data", "dirs_already_prepared": false, "heartbeat": "initial", "labels_bin": {"abnormal": ["A", "a", "J", "S", "V", "E", "F", "P", "/", "f", "Q"], "normal": ["N", "L", "R", "e", "j"]}, "labels_multi": {"SVEB": ["A", "a", "J", "S"], "VEB": ["V", "E"], "F": ["F"], "Q": ["P", "/", "f", "Q"], "N": ["N", "L", "R", "e", "j"]}, "test_fraction": 0.1, "val_fraction": 0.1, "multiclass": false, "model_name": "resnet50", "number_workers": 4, "shuffle_data": true, "batch_size": 16, "epochs": 4, "weighted_loss": true, "early_stop": true, "pretrained": true, "optimizer": "SGD", "learning_rate": 0.0001, "weight_decay": 0.1, "decay_step": 4, "lr_scheduler_gamma": 0.1, "last_trained_model": "/home/bernardo/phD/DSLproject/models/label_initial/resnet50_d_19_t_16_46.pth", "leave_groups_out": true, "metrics": {"loss train": [0.2780460748734391, 0.20368380913590722, 0.24005053670378412, 0.2248368821452312, 0.19591441618097624], "f1_score val": [0.8846055327868854, 0.9390106801573918, 0.9325093736980975, 0.9329963800286866, 0.9292984493476331], "acc val": [0.8057561711760267, 0.9064352700226366, 0.8952247493801876, 0.8942546081707449, 0.8884337609140887], "prec val": [0.9786058373476906, 0.9467271181637857, 0.9514026636440918, 0.9676962312269765, 0.963729101728535], "best val acc": 0.9064, "best val f1": 0.939, "best val precision": 0.9467}}