{"data_dir": "./data", "dirs_already_prepared": false, "heartbeat": "initial", "labels_bin": {"abnormal": ["A", "a", "J", "S", "V", "E", "F", "P", "/", "f", "Q"], "normal": ["N", "L", "R", "e", "j"]}, "labels_multi": {"SVEB": ["A", "a", "J", "S"], "VEB": ["V", "E"], "F": ["F"], "Q": ["P", "/", "f", "Q"], "N": ["N", "L", "R", "e", "j"]}, "test_fraction": 0.1, "val_fraction": 0.1, "multiclass": false, "model_name": "resnet50", "number_workers": 4, "shuffle_data": true, "batch_size": 16, "epochs": 4, "weighted_loss": true, "early_stop": true, "pretrained": true, "optimizer": "SGD", "learning_rate": 1e-05, "weight_decay": 0.1, "decay_step": 4, "lr_scheduler_gamma": 0.1, "last_trained_model": "/home/bernardo/phD/DSLproject/models/label_initial/resnet50_d_19_t_20_43.pth", "leave_groups_out": true, "metrics": {"loss train": [0.1644444050397826, 0.10105723034441354, 0.09130893489926187, 0.0787100172933872], "f1_score val": [0.9043893382840472, 0.9348379549989679, 0.9408669159396205, 0.9312382673990128], "acc val": [0.844561819553735, 0.897919586073084, 0.9079443785706586, 0.893392260429018], "prec val": [0.9662793992632474, 0.9624539529611787, 0.9625956361575517, 0.9488523661093794], "best val acc": 0.9079, "best val f1": 0.9409, "best val precision": 0.9626}}