{"data_dir": "./data", "dirs_already_prepared": true, "heartbeat": "initial", "labels_bin": {"abnormal": ["A", "a", "J", "S", "V", "E", "F"], "normal": ["N", "L", "R", "e", "j"]}, "test_fraction": 0.1, "val_fraction": 0.1, "multiclass": false, "model_name": "resnet50", "number_workers": 4, "shuffle_data": true, "batch_size": 16, "epochs": 4, "weighted_loss": true, "early_stop": true, "pretrained": true, "optimizer": "Adam", "diff_learn": true, "learning_rate": 0.0001, "weight_decay": 0.1, "decay_step": 4, "lr_scheduler_gamma": 0.1, "last_trained_model": "/home/bernardo/phD/DSLproject/models/label_initial/resnet50_d_22_t_19_13.pth", "leave_groups_out": true, "test_patients": [100, 103, 105, 111, 113, 117, 121, 123, 200, 202, 210, 212, 213, 214, 219, 221, 222, 228, 231, 232, 233, 234], "val_patients": [108, 114, 201, 230, 215], "train_patients": [101, 106, 109, 112, 115, 116, 118, 119, 122, 124, 203, 205, 208, 209, 220, 223], "metrics": {"loss train": [0.2142172829492868, 0.12726300357280154, 0.09590938856458156, 0.0935539459465813, 0.08703918494798916], "f1_score val": [0.9313990656503566, 0.9739511405305015, 0.9308308308308308, 0.8812424828740261, 0.922184679005497], "acc val": [0.8754464285714286, 0.9511607142857142, 0.8766071428571428, 0.7972321428571428, 0.8622321428571429], "prec val": [0.8915458482395029, 0.9627188853323291, 0.8754471850875541, 0.7932592732065524, 0.8607606853699868], "best val acc": 0.9512, "best val f1": 0.974, "best val precision": 0.9627}}