{"data_dir": "./data", "dirs_already_prepared": false, "heartbeat": "mid", "labels_bin": {"abnormal": ["A", "a", "J", "S", "V", "E", "F"], "normal": ["N", "L", "R", "e", "j"]}, "test_fraction": 0.1, "val_fraction": 0.1, "multiclass": false, "model_name": "resnet50", "number_workers": 4, "shuffle_data": true, "batch_size": 16, "epochs": 11, "weighted_loss": true, "early_stop": true, "pretrained": true, "optimizer": "Adam", "diff_learn": true, "learning_rate": 0.0001, "weight_decay": 0.1, "decay_step": 4, "lr_scheduler_gamma": 0.1, "last_trained_model": "/home/bernardo/phD/DSLproject/models/label_mid/resnet50_d_22_t_13_24.pth", "leave_groups_out": true, "test_patients": [100, 103, 105, 111, 113, 117, 121, 123, 200, 202, 210, 212, 213, 214, 219, 221, 222, 228, 231, 232, 233, 234], "val_patients": [108, 114, 201, 230, 215], "train_patients": [101, 106, 109, 112, 115, 116, 118, 119, 122, 124, 203, 205, 208, 209, 220, 223], "metrics": {"loss train": [0.21806621405214655, 0.10528359446248306, 0.08225494784896586, 0.09901757070169653, 0.09371069367672734, 0.08958193510314105, 0.08885271177800153, 0.09094055092400259, 0.09031925187347137, 0.08776895011581028, 0.09032962471660104, 0.08777075956526287], "f1_score val": [0.8618442141254408, 0.8435056472632494, 0.9182351750657762, 0.9579766913293679, 0.9424981522542498, 0.9502546024285154, 0.9503254539225763, 0.9552253349573692, 0.9621146225959216, 0.9590024744068701, 0.9615514823233545, 0.9351579995023637], "acc val": [0.7691071428571429, 0.7426785714285714, 0.8557142857142858, 0.9224107142857143, 0.8958035714285715, 0.9092857142857143, 0.909375, 0.9179464285714286, 0.93, 0.9245535714285714, 0.9290178571428571, 0.8836607142857142], "prec val": [0.759367350781397, 0.7312182263227264, 0.8542647335718321, 0.9324985878365656, 0.9003954057616268, 0.9135755978158538, 0.9140463189606477, 0.9228958764827716, 0.9372057992845039, 0.9304274147994728, 0.9358877800790811, 0.8845791752965543], "best val acc": 0.93, "best val f1": 0.9621, "best val precision": 0.9372}}