{"data_dir": "./data", "dirs_already_prepared": true, "labels": {"abnormal": ["A", "a", "J", "S", "V", "E", "F", "P", "/", "f", "Q"], "normal": ["N", "L", "R", "e", "j"]}, "test_fraction": 0.1, "val_fraction": 0.1, "model_name": "resnet50", "number_workers": 4, "shuffle_data": true, "batch_size": 16, "epochs": 10, "weighted_loss": true, "early_stop": false, "pretrained": true, "diff_learn": true, "optimizer": "SGD", "initial_learning_rate": 0.0001, "weight_decay": 0.1, "decay_step": 3, "lr_scheduler_gamma": 0.1, "last_trained_model": "/home/bernardo/phD/DSLproject/models/resnet50_d_28_t_20_49.pth", "metrics": {"loss train": [0.22385580934196103, 0.14529155188009646, 0.11493997812502083, 0.05262147985183955, 0.0319373487171835, 0.0231698360544204, 0.013671188829070147, 0.012075612176656795, 0.01198939930255371, 0.010783388976883107], "f1_score val": [0.9657281329333025, 0.973762263289984, 0.9834976063080821, 0.9876696131974549, 0.9900033696506796, 0.9878241262683202, 0.9892037786774629, 0.9895340985820392, 0.9894382022471909, 0.9897787262720432], "acc val": [0.9435736677115988, 0.9563028403153795, 0.9721668091574047, 0.9791963522371046, 0.9830910990785598, 0.9794813337133086, 0.981761185522941, 0.9823311484753491, 0.9821411608245464, 0.9827111237769545], "best val acc": 0.9831, "best val f1": 0.99}}