{"data_dir": "./data", "dirs_already_prepared": true, "labels": {"abnormal": ["A", "a", "J", "S", "V", "E", "F", "P", "/", "f", "Q"], "normal": ["N", "L", "R", "e", "j"]}, "test_fraction": 0.1, "val_fraction": 0.1, "model_name": "resnet50", "number_workers": 4, "shuffle_data": true, "batch_size": 4, "epochs": 4, "diff_learn": true, "optimizer": "SGD", "initial_learning_rate": 0.001, "optimizer_momentum": 0.9, "weight_decay": 0.1, "learning_rate": 0.001, "decay_step": 2, "lr_scheduler_gamma": 0.1, "last_trained_model": "/home/bernardo/phD/DSLproject/models/resnet50_d_27_t_11:38.pth", "metrics": {"loss": [0.6802353463427628, 0.6837344083377744, 0.6908090689083312, 0.6947840366463203, 0.6947937484697658], "f1_score": [0.6361555261242138, 0.5353907053160519, 0.18486343038830336, 0.0, 0.0], "acc": [0.5072985331670526, 0.4256547300908605, 0.22658115089969713, 0.15574559059326562, 0.15574559059326562]}}