{"data_dir": "./data", "dirs_already_prepared": false, "labels": {"abnormal": ["A", "a", "J", "S", "V", "E", "F", "P", "/", "f", "Q"], "normal": ["N", "L", "R", "e", "j"]}, "test_fraction": 0.1, "val_fraction": 0.1, "model_name": "resnet50", "number_workers": 4, "shuffle_data": true, "batch_size": 16, "epochs": 10, "weighted_loss": true, "early_stop": true, "pretrained": true, "diff_learn": true, "optimizer": "SGD", "learning_rate": 0.0001, "weight_decay": 0.1, "decay_step": 4, "lr_scheduler_gamma": 0.1, "last_trained_model": "/home/bernardo/phD/DSLproject/models/resnet50_d_02_t_22_52.pth", "metrics": {"loss train": [0.27310403132565136, 0.2168580783165694, 0.252035947478385, 0.24174743251322614, 0.20932784937640012, 0.19769217558904092, 0.19488617148659154, 0.19006068649085073, 0.1857839900515584, 0.18510215932515126, 0.18514890169159529], "f1_score val": [0.9536600965172393, 0.9026157435834459, 0.9789332138054684, 0.9583986074847693, 0.9779265732281678, 0.9738225880201189, 0.9746488523466941, 0.9794831104058037, 0.978404182768811, 0.979117012824878, 0.9785807624566786], "acc val": [0.9244263227764081, 0.8496112270054997, 0.9643466717238763, 0.932012137303243, 0.9631139768632657, 0.9565712118338706, 0.9578987293760668, 0.9656741892660724, 0.9639673809975347, 0.9651052531765598, 0.9642518490422909], "prec val": [0.9217713836124536, 0.8261211644374509, 0.981904012588513, 0.9282904349780825, 0.96852871754524, 0.957513768686074, 0.9593121276834888, 0.9712262560413623, 0.9675171406091941, 0.9696526919186242, 0.9679667303585479], "best val acc": 0.9657, "best val f1": 0.9795, "best val precision": 0.9712}}