{"data_dir": "./data", "dirs_already_prepared": true, "labels": {"abnormal": ["A", "a", "J", "S", "V", "E", "F", "P", "/", "f", "Q"], "normal": ["N", "L", "R", "e", "j"]}, "test_fraction": 0.1, "val_fraction": 0.1, "model_name": "resnet50", "number_workers": 4, "shuffle_data": true, "batch_size": 4, "epochs": 4, "diff_learn": false, "optimizer": "SGD", "initial_learning_rate": 0.001, "optimizer_momentum": 0.9, "weight_decay": 0.1, "learning_rate": 0.001, "decay_step": 2, "lr_scheduler_gamma": 0.1, "last_trained_model": "/home/bernardo/phD/DSLproject/models/resnet50_d_27_t_02:36.pth", "metrics": {"loss": [0.6816520050076891, 0.6837856841661477, 0.6953758924518121, 0.6953667987659472, 0.6953738964101652], "f1_score": [0.5901291673141792, 0.5441325023348008, 0.0, 0.0, 0.0], "acc": [0.46746243838707763, 0.4318427460062949, 0.15574559059326562, 0.15574559059326562, 0.15574559059326562]}}