{"data_dir": "./data", "dirs_already_prepared": true, "labels": {"abnormal": ["A", "a", "J", "S", "V", "E", "F", "P", "/", "f", "Q"], "normal": ["N", "L", "R", "e", "j"]}, "test_fraction": 0.1, "val_fraction": 0.1, "model_name": "resnet50", "number_workers": 4, "shuffle_data": true, "batch_size": 4, "epochs": 4, "diff_learn": true, "optimizer": "SGD", "initial_learning_rate": 0.001, "optimizer_momentum": 0.9, "weight_decay": 0.1, "learning_rate": 0.001, "decay_step": 2, "lr_scheduler_gamma": 0.1, "last_trained_model": "/home/bernardo/phD/DSLproject/models/resnet50_d_27_t_11:39.pth", "metrics": {"loss": [0.679238823992997, 0.6793539167933625, 0.6871531425458858, 0.6905110905081099, 0.69052224926643], "f1_score": [0.8900706151706145, 0.8943971936327233, 0.9155509186808092, 0.9155509186808092, 0.9155509186808092], "acc": [0.8038244551339153, 0.8104994358334818, 0.8442544094067344, 0.8442544094067344, 0.8442544094067344]}}