{"data_dir": "./data", "dirs_already_prepared": true, "labels": {"abnormal": ["A", "a", "J", "S", "V", "E", "F", "P", "/", "f", "Q"], "normal": ["N", "L", "R", "e", "j"]}, "test_fraction": 0.1, "val_fraction": 0.1, "model_name": "resnet50", "number_workers": 4, "shuffle_data": true, "batch_size": 16, "epochs": 15, "weighted_loss": true, "early_stop": false, "pretrained": true, "diff_learn": true, "optimizer": "SGD", "learning_rate": 0, "weight_decay": 0.1, "decay_step": 3, "lr_scheduler_gamma": 0.1, "last_trained_model": "/home/bernardo/phD/DSLproject/models/resnet50_d_29_t_02_34.pth", "metrics": {"loss train": [0.23978192910240848, 0.14871496891964883, 0.12016631590385224, 0.05600856046453578, 0.03672156185499606, 0.02549059226738548, 0.01613839091958525, 0.01457523532029671, 0.013751227880497015, 0.012941314553683707, 0.01263746969520296, 0.0123713369007206, 0.012443759165395725, 0.012561676778030986, 0.012572986469504622], "f1_score val": [0.9583624912526242, 0.9776686275629677, 0.9796641151605164, 0.9870159324148098, 0.9877800407331975, 0.9880743796981858, 0.988642142736057, 0.9882737625436915, 0.9884901828029791, 0.9885381966009825, 0.9880185373572963, 0.988481084133258, 0.988191423244251, 0.9882697947214075, 0.988533017002768], "acc val": [0.9320388349514563, 0.9627831715210357, 0.9661146011802779, 0.9782029316581001, 0.9794403198172473, 0.9799162383399962, 0.980868075385494, 0.9802017894536456, 0.9805825242718447, 0.9806777079763944, 0.9798210546354464, 0.9805825242718447, 0.9801066057490958, 0.9802017894536456, 0.9806777079763944], "best val acc": 0.9809, "best val f1": 0.9886}}