{"data_dir": "./data", "dirs_already_prepared": false, "heartbeat": "final", "labels_bin": {"abnormal": ["A", "a", "J", "S", "V", "E", "F", "P", "/", "f", "Q"], "normal": ["N", "L", "R", "e", "j"]}, "labels_multi": {"SVEB": ["A", "a", "J", "S"], "VEB": ["V", "E"], "F": ["F"], "Q": ["P", "/", "f", "Q"], "N": ["N", "L", "R", "e", "j"]}, "test_fraction": 0.1, "val_fraction": 0.1, "multiclass": false, "model_name": "resnet50", "number_workers": 4, "shuffle_data": true, "batch_size": 16, "epochs": 8, "weighted_loss": true, "early_stop": true, "pretrained": false, "diff_learn": true, "optimizer": "SGD", "learning_rate": 1e-05, "weight_decay": 0.1, "decay_step": 4, "lr_scheduler_gamma": 0.1, "last_trained_model": "/home/bernardo/phD/DSLproject/models/resnet50_d_18_t_16_15.pth", "leave_groups_out": true, "metrics": {"loss train": [0.6456897062356275, 0.5630568501348483, 0.4737103758044705, 0.38317887882816765, 0.32396886911996386, 0.3141674794412062, 0.3057327282459729, 0.2970971179090071, 0.2929503809486498], "f1_score val": [0.8968214620172974, 0.8950195036463339, 0.9210673842359008, 0.9335578002244669, 0.9377584087607553, 0.9327556130774858, 0.9438947542977171, 0.9384098544232923, 0.9348766646063943], "acc val": [0.8240984222389182, 0.8256010518407213, 0.8677685950413223, 0.8888054094665665, 0.8953794139744553, 0.8877723516153269, 0.9046769346356123, 0.8966942148760331, 0.8911532682193839], "prec val": [0.8872901678657075, 0.8628733376934816, 0.8954654458251581, 0.9066928275561369, 0.9147591018094615, 0.9034227163723567, 0.9306736429038587, 0.9134510573359494, 0.9068018312622629], "best val acc": 0.9047, "best val f1": 0.9439, "best val precision": 0.9307}}