{"data_dir": "./data", "dirs_already_prepared": false, "labels": {"abnormal": ["A", "a", "J", "S", "V", "E", "F", "P", "/", "f", "Q"], "normal": ["N", "L", "R", "e", "j"]}, "test_fraction": 0.1, "val_fraction": 0.1, "model_name": "resnet50", "number_workers": 4, "shuffle_data": true, "batch_size": 16, "epochs": 11, "weighted_loss": true, "early_stop": true, "pretrained": true, "diff_learn": true, "optimizer": "SGD", "learning_rate": 0.0001, "weight_decay": 0.1, "decay_step": 4, "lr_scheduler_gamma": 0.1, "last_trained_model": "/home/bernardo/phD/DSLproject/models/resnet50_d_02_t_20_28.pth", "metrics": {"loss train": [0.2803098111242132, 0.21394876329361795, 0.24599418287584748, 0.2382433621689701, 0.19993549272682612, 0.18686520522645622, 0.17710094272159427, 0.16974478548461125, 0.16612707012548067, 0.1641347653360773, 0.16179317504820628, 0.16271420182801036], "f1_score val": [0.5887761572606214, 0.967786391042205, 0.9471213099360292, 0.9809701281834095, 0.983421037741187, 0.9792616226071102, 0.98125, 0.9858312164832063, 0.9857021757558633, 0.9880925634688833, 0.9882683132191972, 0.9869866486395132], "acc val": [0.5069847001805569, 0.9466882067851373, 0.9143780290791599, 0.9679749120973107, 0.9721562292122018, 0.9654091038677183, 0.968640121638316, 0.9761474864582343, 0.9759574265893757, 0.9798536539009788, 0.9801387437042668, 0.9780480851468213], "prec val": [0.4176788124156545, 0.9477058029689609, 0.9074448942869996, 0.9768331084120557, 0.9772829509671614, 0.9664867296446243, 0.971097615834458, 0.9820062977957715, 0.9807692307692307, 0.9892037786774629, 0.9899910031488979, 0.9851551956815114], "best val acc": 0.9801, "best val f1": 0.9883, "best val precision": 0.99}}