{"data_dir": "./data", "dirs_already_prepared": true, "labels": {"abnormal": ["A", "a", "J", "S", "V", "E", "F", "P", "/", "f", "Q"], "normal": ["N", "L", "R", "e", "j"]}, "test_fraction": 0.1, "val_fraction": 0.1, "model_name": "resnet50", "number_workers": 4, "shuffle_data": true, "batch_size": 4, "epochs": 20, "optimizer": "SGD", "initial_learning_rate": 0.001, "optimizer_momentum": 0.9, "weight_decay": 0.1, "learning_rate": 0.001, "decay_step": 2, "lr_scheduler_gamma": 0.1, "last_trained_model": "/home/bernardo/phD/DSLproject/models/resnet50_d_26_t_14:59.pth", "metrics": {"loss": [0.6254406471353393, 0.6441290663072209, 0.6444596752445618, 0.6438714815829215, 0.6433270369004918], "f1_score": [0.9136950702436547, 0.9155509186808092, 0.9155509186808092, 0.9155509186808092, 0.9155509186808092], "acc": [0.842615357206485, 0.8442544094067344, 0.8442544094067344, 0.8442544094067344, 0.8442544094067344]}}