{"data_dir": "./data", "dirs_already_prepared": true, "labels": {"abnormal": ["A", "a", "J", "S", "V", "E", "F", "P", "/", "f", "Q"], "normal": ["N", "L", "R", "e", "j"]}, "test_fraction": 0.1, "val_fraction": 0.1, "model_name": "resnet50", "number_workers": 4, "shuffle_data": true, "batch_size": 16, "epochs": 8, "weighted_loss": true, "early_stop": true, "pretrained": true, "diff_learn": true, "optimizer": "SGD", "learning_rate": 0, "weight_decay": 0.1, "decay_step": 3, "lr_scheduler_gamma": 0.1, "last_trained_model": "/home/bernardo/phD/DSLproject/models/resnet50_d_29_t_13_14.pth", "metrics": {"loss train": [0.22203624485418286, 0.1375220048986026, 0.1078497168465088, 0.04520810907034774, 0.028721004651107954, 0.02137788779328947, 0.012972263236783193, 0.012013077999229734, 0.01159390454402402], "f1_score val": [0.9793667936110952, 0.9774169572923217, 0.981542668337701, 0.9887780548628429, 0.9911963882618509, 0.991077479105489, 0.9909716736260017, 0.9915416713657381, 0.9907334162052209], "acc val": [0.9655106888361045, 0.9624703087885986, 0.9692161520190024, 0.981187648456057, 0.9851781472684086, 0.9849881235154394, 0.9847980997624703, 0.9857482185273159, 0.9844180522565321], "best val acc": 0.9857, "best val f1": 0.9915}}