{"data_dir": "./data", "dirs_already_prepared": true, "labels": {"abnormal": ["A", "a", "J", "S", "V", "E", "F", "P", "/", "f", "Q"], "normal": ["N", "L", "R", "e", "j"]}, "test_fraction": 0.1, "val_fraction": 0.1, "model_name": "resnet50", "number_workers": 4, "shuffle_data": true, "batch_size": 4, "epochs": 20, "optimizer": "SGD", "initial_learning_rate": 0.001, "optimizer_momentum": 0.9, "decay_step": 7, "lr_scheduler_gamma": 0.1, "last_trained_model": "/home/bernardo/phD/DSLproject/models/resnet50_d_25_t_15:50.pth", "metrics": {"loss": [0.25092251957260064, 0.12328607014280454, 0.08277245378445282, 0.05691949524455997, 0.04079141678605235], "f1_score": [0.9559294644629036, 0.9805346446637835, 0.9868950048667635, 0.99058513226655, 0.9930427795047474], "acc": [0.926147633469921, 0.9672308331848685, 0.9779321812459172, 0.9841439515410654, 0.9882772136112595]}}