{"data_dir": "./data", "dirs_already_prepared": true, "labels": {"abnormal": ["A", "a", "J", "S", "V", "E", "F", "P", "/", "f", "Q"], "normal": ["N", "L", "R", "e", "j"]}, "test_fraction": 0.1, "val_fraction": 0.1, "model_name": "resnet50", "number_workers": 4, "shuffle_data": true, "batch_size": 16, "epochs": 15, "early_stop": false, "pretrained": false, "diff_learn": false, "optimizer": "SGD", "initial_learning_rate": 0.01, "weight_decay": 0.1, "decay_step": 4, "lr_scheduler_gamma": 0.1, "last_trained_model": "/home/bernardo/phD/DSLproject/models/resnet50_d_28_t_02_40.pth", "metrics": {"loss": [0.7045850041395582, 0.6972203874808889, 0.6967216135331475, 0.6967318068923205, 0.6898949036873451, 0.6898365435460676, 0.6899299224217733, 0.6898968347256297, 0.6899041491170996, 0.6898502320785677, 0.6893896153473119, 0.6896166891721516, 0.6895982390146965, 0.6896679336111876, 0.6896834973138121], "f1_score": [0.8684812989906308, 0.8367725036734173, 0.8423717221003941, 0.83339387593752, 0.9155509186808092, 0.9107393989669542, 0.9149702605344727, 0.9144058451399056, 0.9155509186808092, 0.9155509186808092, 0.9155509186808092, 0.9155509186808092, 0.9155509186808092, 0.9155509186808092, 0.9155509186808092], "acc": [0.771423481204347, 0.7268840192410476, 0.7344854207494507, 0.7221806520577232, 0.8442544094067344, 0.8364154641011936, 0.8432804798384702, 0.8423540590296336, 0.8442544094067344, 0.8442544094067344, 0.8442544094067344, 0.8442544094067344, 0.8442544094067344, 0.8442544094067344, 0.8442544094067344], "best val acc": 0.845, "best val f1": 0.916}}