{"data_dir": "./data", "dirs_already_prepared": false, "labels": {"abnormal": ["A", "a", "J", "S", "V", "E", "F", "P", "/", "f", "Q"], "normal": ["N", "L", "R", "e", "j"]}, "test_fraction": 0.1, "val_fraction": 0.1, "model_name": "resnet50", "number_workers": 4, "shuffle_data": true, "batch_size": 16, "epochs": 7, "weighted_loss": true, "early_stop": true, "pretrained": true, "diff_learn": true, "optimizer": "SGD", "learning_rate": 0.0001, "weight_decay": 0.1, "decay_step": 4, "lr_scheduler_gamma": 0.1, "last_trained_model": "/home/bernardo/phD/DSLproject/models/resnet50_d_02_t_20_10.pth", "metrics": {"loss train": [0.2758083055602738, 0.20425012126175662, 0.2411100394409085, 0.22781411902144294, 0.1921694836531991, 0.18070735061902182, 0.17347208514796525, 0.17082918898430619], "f1_score val": [0.9415665147119767, 0.9749885792599361, 0.9809720439707607, 0.9669134659879686, 0.9780829756795422, 0.98257006151743, 0.981739328920338, 0.9806967447173044], "acc val": [0.9062232779097387, 0.9583847980997625, 0.9676009501187648, 0.9456532066508313, 0.9636104513064133, 0.9709263657957244, 0.9695961995249406, 0.9678859857482185], "prec val": [0.8965050732807215, 0.9624577226606539, 0.9909808342728298, 0.9422773393461105, 0.9634723788049605, 0.9723788049605412, 0.9697857948139798, 0.9679819616685457], "best val acc": 0.9709, "best val f1": 0.9826, "best val precision": 0.9724}}