{"data_dir": "./data", "dirs_already_prepared": true, "labels": {"abnormal": ["A", "a", "J", "S", "V", "E", "F", "P", "/", "f", "Q"], "normal": ["N", "L", "R", "e", "j"]}, "test_fraction": 0.1, "val_fraction": 0.1, "model_name": "resnet50", "number_workers": 4, "shuffle_data": true, "batch_size": 16, "epochs": 15, "weighted_loss": false, "early_stop": false, "pretrained": false, "diff_learn": false, "optimizer": "SGD", "initial_learning_rate": 0.0001, "weight_decay": 0.1, "decay_step": 4, "lr_scheduler_gamma": 0.1, "last_trained_model": "/home/bernardo/phD/DSLproject/models/resnet50_d_28_t_16_32.pth", "metrics": {"loss train": [0.24470172137370677, 0.2195730688060234, 0.2186476451999905, 0.20786654890960524, 0.17756925759536932, 0.16771744119985788, 0.16193124869846875, 0.15849894206037118, 0.15418875501266857, 0.1536178583701027, 0.15133101879007085, 0.15103751417647435, 0.14966479283173736, 0.1503451731722983, 0.14965744116125923], "f1_score val": [0.9290228234188123, 0.9276254041088747, 0.931552762503273, 0.8207391791290599, 0.9813809154383244, 0.982881517651681, 0.9831619894415115, 0.9844611528822055, 0.9854699899407623, 0.985003066287562, 0.9859139183901623, 0.9853827270698504, 0.9859548989983773, 0.9850064098991137, 0.9856078848630788], "acc val": [0.8709033912795668, 0.8681485703429277, 0.875843070200437, 0.7415218010829296, 0.9680820746651467, 0.9710268832525886, 0.9712168709033913, 0.9734967227130237, 0.9753016053956493, 0.9744466609670371, 0.97606155599886, 0.9751116177448466, 0.9761565498242615, 0.9744466609670371, 0.9755865868718533], "best val acc": 0.9762, "best val f1": 0.986}}