{"data_dir": "./data", "dirs_already_prepared": true, "labels": {"abnormal": ["A", "a", "J", "S", "V", "E", "F", "P", "/", "f", "Q"], "normal": ["N", "L", "R", "e", "j"]}, "test_fraction": 0.1, "val_fraction": 0.1, "model_name": "resnet50", "number_workers": 4, "shuffle_data": true, "batch_size": 16, "epochs": 9, "weighted_loss": true, "early_stop": true, "pretrained": true, "diff_learn": true, "optimizer": "SGD", "learning_rate": 0.0001, "weight_decay": 0.1, "decay_step": 4, "lr_scheduler_gamma": 0.1, "last_trained_model": "/home/bernardo/phD/DSLproject/models/resnet50_d_29_t_18_06.pth", "metrics": {"loss train": [0.27467173610351736, 0.20393427957684457, 0.23508377774451245, 0.22187417704819848, 0.18637257069897373, 0.1721035409868591, 0.1663870372539207, 0.1633847910340749, 0.15793741194191024, 0.1539501194476159], "f1_score val": [0.9439678125554701, 0.8638689866939611, 0.9835149483095837, 0.9785437114813968, 0.9841432225063939, 0.9871555480110904, 0.9865140525838622, 0.9863277925909117, 0.9895615866388309, 0.9847606050267258], "acc val": [0.9100237529691212, 0.7978147268408551, 0.9719714964370546, 0.9642755344418052, 0.9734916864608076, 0.9784323040380047, 0.9773871733966746, 0.9771021377672209, 0.9824228028503563, 0.9745368171021378], "best val acc": 0.9824, "best val f1": 0.9896}}