{"data_dir": "./data", "dirs_already_prepared": false, "labels": {"abnormal": ["A", "a", "J", "S", "V", "E", "F", "P", "/", "f", "Q"], "normal": ["N", "L", "R", "e", "j"]}, "test_fraction": 0.1, "val_fraction": 0.05, "model_name": "resnet50", "number_workers": 4, "shuffle_data": true, "batch_size": 4, "epochs": 5, "optimizer": "SGD", "initial_learning_rate": 0.001, "optimizer_momentum": 0.9, "decay_step": 7, "lr_scheduler_gamma": 0.1, "last_trained_model": "/home/bernardo/phD/DSLproject/models/resnet50_d_23_t_17:20.pth", "metrics": {"loss": [0.32720308156693895, 0.14864447710005735, 0.11398873822554138, 0.05156613684471243, 0.03627950468936457], "f1_score": [0.765261460492974, 0.9236847577458932, 0.9428218839983548, 0.9755209387011936, 0.9828525317732499], "acc": [0.7843386243386243, 0.9223280423280423, 0.9411640211640212, 0.9743915343915344, 0.982010582010582]}}