{"data_dir": "./data", "dirs_already_prepared": true, "labels": {"abnormal": ["A", "a", "J", "S", "V", "E", "F", "P", "/", "f", "Q"], "normal": ["N", "L", "R", "e", "j"]}, "test_fraction": 0.1, "val_fraction": 0.1, "model_name": "resnet50", "number_workers": 4, "shuffle_data": true, "batch_size": 4, "epochs": 4, "diff_learn": false, "optimizer": "SGD", "initial_learning_rate": 0.001, "optimizer_momentum": 0.9, "weight_decay": 0.1, "learning_rate": 0.001, "decay_step": 2, "lr_scheduler_gamma": 0.1, "last_trained_model": "/home/bernardo/phD/DSLproject/models/resnet50_d_27_t_02:38.pth", "metrics": {"loss": [0.6125423270835787, 0.6441190039805713, 0.6436056512021857, 0.6437178201899547, 0.6432629733727305], "f1_score": [0.9142613933996856, 0.9155509186808092, 0.9155509186808092, 0.9155509186808092, 0.9155509186808092], "acc": [0.8444800760140151, 0.8442544094067344, 0.8442544094067344, 0.8442544094067344, 0.8442544094067344]}}