{"data_dir": "./data", "dirs_already_prepared": false, "labels": {"abnormal": ["A", "a", "J", "S", "V", "E", "F", "P", "/", "f", "Q"], "normal": ["N", "L", "R", "e", "j"]}, "test_fraction": 0.1, "val_fraction": 0.1, "model_name": "resnet50", "number_workers": 4, "shuffle_data": true, "batch_size": 16, "epochs": 4, "weighted_loss": true, "early_stop": true, "pretrained": false, "diff_learn": true, "optimizer": "SGD", "learning_rate": 0.0001, "weight_decay": 0.1, "decay_step": 3, "lr_scheduler_gamma": 0.1, "last_trained_model": "/home/bernardo/phD/DSLproject/models/resnet50_d_29_t_14_58.pth", "metrics": {"loss train": [0.6936053134935602, 0.6896323582488508, 0.6899028481550809, 0.6894733240821598, 0.6894934875494799], "f1_score val": [0.9146687290538799, 0.9146687290538799, 0.9146687290538799, 0.9146687290538799, 0.9146687290538799], "acc val": [0.8427553444180522, 0.8427553444180522, 0.8427553444180522, 0.8427553444180522, 0.8427553444180522], "best val acc": 0.8428, "best val f1": 0.9147}}