{"data_dir": "./data", "dirs_already_prepared": true, "labels": {"abnormal": ["A", "a", "J", "S", "V", "E", "F", "P", "/", "f", "Q"], "normal": ["N", "L", "R", "e", "j"]}, "test_fraction": 0.1, "val_fraction": 0.1, "model_name": "resnet50", "number_workers": 4, "shuffle_data": true, "batch_size": 16, "epochs": 15, "weighted_loss": false, "early_stop": false, "pretrained": false, "diff_learn": false, "optimizer": "SGD", "initial_learning_rate": 0.0001, "weight_decay": 0.1, "decay_step": 4, "lr_scheduler_gamma": 0.1, "last_trained_model": "/home/bernardo/phD/DSLproject/models/resnet50_d_28_t_15_49.pth", "metrics": {"loss": [0.3797643258609287, 0.3312151928618838, 0.3056567952057211, 0.27313503459440186, 0.22058116504582367, 0.20202960374271922, 0.19430613082239198, 0.1903674511668008, 0.18060606228685117, 0.17669480356491052, 0.17465089469894998, 0.17355539457688557, 0.17110185378488674, 0.171700428758907, 0.17127113177300746], "f1_score": [0.9143894248785757, 0.93493968925122, 0.9487641161557963, 0.9580730081988967, 0.969215066273617, 0.9728053605160921, 0.9747294988610478, 0.976203345471097, 0.9789319657342557, 0.9795480539039136, 0.9798179997016389, 0.9802009707911097, 0.9796864116451307, 0.9799562475140633, 0.9802899703213529], "acc": [0.8616188609774927, 0.8932715719460775, 0.9155056713581566, 0.9305778252865372, 0.9487736801472771, 0.9546885206960033, 0.9578359760080765, 0.96025892273888, 0.9647722548844944, 0.9658055704020428, 0.9662569036166043, 0.9668626402993051, 0.9660549913890374, 0.9664825702238851, 0.9670289209573015], "best val acc": 0.9742, "best val f1": 0.9847}}