{"data_dir": "./data", "dirs_already_prepared": true, "labels": {"abnormal": ["A", "a", "J", "S", "V", "E", "F", "P", "/", "f", "Q"], "normal": ["N", "L", "R", "e", "j"]}, "test_fraction": 0.1, "val_fraction": 0.1, "model_name": "resnet50", "number_workers": 4, "shuffle_data": true, "batch_size": 16, "epochs": 15, "early_stop": false, "pretrained": false, "diff_learn": false, "optimizer": "SGD", "initial_learning_rate": 0.01, "weight_decay": 0.1, "decay_step": 4, "lr_scheduler_gamma": 0.1, "last_trained_model": "/home/bernardo/phD/DSLproject/models/resnet50_d_28_t_02_38.pth", "metrics": {"loss": [0.728330277741766, 0.7260352323999512, 0.7254563149692851, 0.7275228140635773, 0.6959181408848444, 0.6960220540806619, 0.6963064545987302, 0.6962645591321216, 0.690321547034744, 0.6888766942514689, 0.6885219562484813, 0.6885320232460905, 0.6810125820957728, 0.6763804182522625, 0.6707199424977781], "f1_score": [0.6698776758409786, 0.6742903542308083, 0.6593662907859195, 0.6660646436421257, 0.7289216471719275, 0.7361844351118979, 0.737414836494, 0.7402068217962006, 0.865500847265767, 0.8852509569682709, 0.8741283052823168, 0.8723639490602351, 0.9155509186808092, 0.9165574373841793, 0.9174088224172327], "acc": [0.5384286477819348, 0.5426331729912702, 0.5282023873151612, 0.5344379119900231, 0.598123404002613, 0.6053091038660253, 0.6067818754082784, 0.6100124710493497, 0.7671476928558703, 0.7966981412197874, 0.7806876892927134, 0.7778727952966328, 0.8442544094067344, 0.8465110754795415, 0.8495397588930459], "best val acc": 0.8589, "best val f1": 0.9218}}