{"data_dir": "./data", "dirs_already_prepared": true, "labels": {"abnormal": ["A", "a", "J", "S", "V", "E", "F", "P", "/", "f", "Q"], "normal": ["N", "L", "R", "e", "j"]}, "test_fraction": 0.1, "val_fraction": 0.1, "model_name": "resnet50", "number_workers": 4, "shuffle_data": true, "batch_size": 4, "epochs": 20, "optimizer": "SGD", "initial_learning_rate": 0.001, "optimizer_momentum": 0.9, "decay_step": 7, "lr_scheduler_gamma": 0.1, "last_trained_model": "/home/bernardo/phD/DSLproject/models/resnet50_d_25_t_16:50.pth", "metrics": {"loss": [0.6820291764843499, 0.6784250674656787, 0.681965580094674, 0.6816390975696527, 0.6810616641703988], "f1_score": [0.5641956706877673, 0.5765682143056046, 0.570063516307486, 0.559100531589594, 0.5756142790913306], "acc": [0.4469148999346755, 0.45818635310885447, 0.45170140744699805, 0.4434230061167528, 0.4563810202506087]}}