{"data_dir": "./data", "dirs_already_prepared": true, "labels": {"abnormal": ["A", "a", "J", "S", "V", "E", "F", "P", "/", "f", "Q"], "normal": ["N", "L", "R", "e", "j"]}, "test_fraction": 0.1, "val_fraction": 0.1, "model_name": "resnet50", "number_workers": 4, "shuffle_data": true, "batch_size": 16, "epochs": 7, "weighted_loss": true, "early_stop": true, "pretrained": true, "diff_learn": true, "optimizer": "SGD", "learning_rate": 0.0001, "weight_decay": 0.1, "decay_step": 4, "lr_scheduler_gamma": 0.1, "last_trained_model": "/home/bernardo/phD/DSLproject/models/resnet50_d_29_t_17_14.pth", "metrics": {"loss train": [0.37003848326879185, 0.33285472352746426, 0.3048530971358117, 0.24085498586877296, 0.22085397844899746, 0.2108385655597149, 0.19888161637042975, 0.19624765781971995], "f1_score val": [0.9593996751974017, 0.9666367108514939, 0.03413120567375886, 0.9801715811601613, 0.9804189435336977, 0.9797945205479452, 0.9846938775510204, 0.9795568752855186], "acc val": [0.9311163895486936, 0.943562945368171, 0.17187648456057006, 0.9668408551068883, 0.9673159144893112, 0.9663657957244656, 0.9743467933491686, 0.9659857482185273], "best val acc": 0.9743, "best val f1": 0.9847}}