{"data_dir": "./data", "dirs_already_prepared": true, "labels": {"SVEB": ["A", "a", "J", "S"], "VEB": ["V", "E"], "F": ["F"], "Q": ["P", "/", "f", "Q"], "N": ["N", "L", "R", "e", "j"]}, "test_fraction": 0.1, "val_fraction": 0.1, "multiclass": true, "model_name": "resnet50", "number_workers": 4, "shuffle_data": true, "batch_size": 16, "epochs": 12, "weighted_loss": true, "early_stop": true, "pretrained": true, "diff_learn": true, "optimizer": "SGD", "learning_rate": 0.0001, "weight_decay": 0.1, "decay_step": 4, "lr_scheduler_gamma": 0.1, "last_trained_model": "/home/bernardo/phD/DSLproject/models/resnet50_d_05_t_00_40.pth", "metrics": {"loss train": [0.7700805141636085, 0.6093824286636094, 0.6387126362235219, 0.5903708935392131, 0.5128177810834352, 0.4904511130780285, 0.46536077622536653, 0.45285930446503364, 0.43754458930393336, 0.43901435232607167, 0.43494065197392023, 0.43370576247494047, 0.4338591907262061], "f1_score val": [0.8606741523599237, 0.9270170736419698, 0.9194480461483162, 0.7125150365336628, 0.9247483213242195, 0.9519133677481205, 0.9423223821906045, 0.9416032539234604, 0.9490834213015934, 0.9474947855539136, 0.9509138589850771, 0.9519936621897096, 0.9499045325501307], "acc val": [0.8729691211401425, 0.9312114014251781, 0.9250356294536817, 0.7717814726840855, 0.932541567695962, 0.9558194774346793, 0.9477434679334917, 0.9484085510688837, 0.9527790973871734, 0.9524940617577197, 0.9550593824228029, 0.9556294536817103, 0.9538242280285035], "prec val": [0.8738864429779435, 0.9283312743824427, 0.927562807317319, 0.7928738175586296, 0.9299835229688953, 0.9531687552804994, 0.9457104291159628, 0.9443820056904488, 0.9509069808150162, 0.9494243063432796, 0.9526841538100131, 0.9531480584535694, 0.9520958498643235], "best val acc": 0.9558, "best val f1": 0.9519, "best val precision": 0.9532}}