{"data_dir": "./data", "dirs_already_prepared": false, "heartbeat": "final", "labels_bin": {"abnormal": ["A", "a", "J", "S", "V", "E", "F"], "normal": ["N", "L", "R", "e", "j"]}, "test_fraction": 0.1, "val_fraction": 0.1, "multiclass": false, "model_name": "resnet50", "number_workers": 4, "shuffle_data": true, "batch_size": 16, "epochs": 10, "weighted_loss": true, "early_stop": true, "pretrained": true, "optimizer": "Adam", "diff_learn": true, "learning_rate": 0.0001, "weight_decay": 0.1, "decay_step": 4, "lr_scheduler_gamma": 0.1, "last_trained_model": "/home/bernardo/phD/DSLproject/models/label_final/resnet50_d_22_t_12_17.pth", "leave_groups_out": true, "test_patients": [100, 103, 105, 111, 113, 117, 121, 123, 200, 202, 210, 212, 213, 214, 219, 221, 222, 228, 231, 232, 233, 234], "val_patients": [108, 114, 201, 230, 215], "train_patients": [101, 106, 109, 112, 115, 116, 118, 119, 122, 124, 203, 205, 208, 209, 220, 223], "metrics": {"loss train": [0.19985571368595356, 0.10803311518044091, 0.08965989868301596, 0.1039422644976091, 0.09719617823055457, 0.09172296252445099, 0.08926278260891465, 0.08943974902473581, 0.08551470472868405, 0.08481739005104157, 0.08442790447124228], "f1_score val": [0.5697393173877989, 0.8550501565734303, 0.7855626326963906, 0.9509226161723504, 0.9587885758098524, 0.9640698615143006, 0.966698382492864, 0.9650996471822256, 0.9683661370642637, 0.9724667011813433, 0.966866040064559], "acc val": [0.42841842199214564, 0.7562477686540521, 0.6574437700821135, 0.9093181006783292, 0.9232416993930739, 0.9326133523741521, 0.9375223134594788, 0.9346661906461978, 0.9404676901106748, 0.9477865048197073, 0.9377008211353088], "prec val": [0.39905882352941174, 0.7581176470588236, 0.6616470588235294, 0.9264, 0.9415529411764706, 0.9533176470588235, 0.9562352941176471, 0.952564705882353, 0.9608470588235294, 0.9723294117647059, 0.9584941176470588], "best val acc": 0.9478, "best val f1": 0.9725, "best val precision": 0.9723}}